,index,Unnamed: 0,country,currency,exchange,finnhubIndustry,ipo,logo,marketCapitalization,name,phone,shareOutstanding,ticker,weburl
0,9,9,US,USD,NASDAQ NMS - GLOBAL MARKET,Technology,1980-12-12,https://static.finnhub.io/logo/87cb30d8-80df-11ea-8951-00000000092a.png,1979619.0,Apple Inc,14089961010.0,17102.536,AAPL,https://www.apple.com/
1,40,40,US,USD,NASDAQ NMS - GLOBAL MARKET,Technology,1993-11-02,https://static.finnhub.io/logo/875c5a76-80df-11ea-ab99-00000000092a.png,3740.741,ACI Worldwide Inc,12394034600.0,116.388958,ACIW,http://www.aciworldwide.com
2,55,55,US,USD,NASDAQ NMS - GLOBAL MARKET,Technology,1986-01-08,https://static.finnhub.io/logo/9b4b19c2-80df-11ea-becf-00000000092a.png,234342.7,Adobe Inc,14085366000.0,479.718983,ADBE,https://www.adobe.com/
3,64,64,US,USD,NASDAQ NMS - GLOBAL MARKET,Technology,1961-09-01,https://static.finnhub.io/logo/987cc1f6-80df-11ea-96e8-00000000092a.png,64133.04,Automatic Data Processing Inc,19739745000.0,429.846075,ADP,https://www.adp.com/
4,67,67,US,USD,NASDAQ NMS - GLOBAL MARKET,Technology,1985-05-01,https://static.finnhub.io/logo/99d251e4-80df-11ea-ad7f-00000000092a.png,55789.01,Autodesk Inc,14155075000.0,219.27918300000002,ADSK,https://www.autodesk.com/
5,87,87,US,USD,NASDAQ NMS - GLOBAL MARKET,Technology,2013-04-15,https://static.finnhub.io/logo/d47b30ac-80da-11ea-acae-00000000092a.png,161.4151,AudioEye Inc,18663315324.0,9.7121,AEYE,https://www.audioeye.com/
6,113,113,US,USD,NASDAQ NMS - GLOBAL MARKET,Technology,1971-01-08,https://static.finnhub.io/logo/9f139b98-80df-11ea-bde1-00000000092a.png,630.3119,Agilysys Inc,17708107800.0,23.589517999999998,AGYS,https://www.agilysys.com/
7,132,132,US,USD,NASDAQ NMS - GLOBAL MARKET,Technology,1999-10-29,,17368.74,Akamai Technologies Inc,16174443000.0,162.70486100000002,AKAM,https://www.akamai.com/
8,153,153,US,USD,NASDAQ NMS - GLOBAL MARKET,Technology,1996-04-03,,45.12489,ALJ Regional Holdings Inc,12128830083.0,42.172791,ALJJ,http://www.aljregionalholdings.com/
9,157,157,IL,USD,NASDAQ NMS - GLOBAL MARKET,Technology,2006-11-16,https://static.finnhub.io/logo/9564945e-80df-11ea-9144-00000000092a.png,0.0,Allot Ltd,97297619200.0,0.0,ALLT,https://www.allot.com
10,160,160,US,USD,NASDAQ NMS - GLOBAL MARKET,Technology,1983-05-26,https://static.finnhub.io/logo/95ff91b4-80df-11ea-a942-00000000092a.png,59.59541,AstroNova Inc,14018284000.0,7.168424000000001,ALOT,https://astronovainc.com/
11,162,162,US,USD,NASDAQ NMS - GLOBAL MARKET,Technology,2015-06-26,,2952.635,Alarm.com Holdings Inc,18773894033.0,48.965761,ALRM,
12,169,169,US,USD,NASDAQ NMS - GLOBAL MARKET,Technology,2017-11-01,,3464.888,Altair Engineering Inc,12486142400.0,73.11432099999999,ALTR,https://www.altair.com/
13,174,174,CA,CAD,TORONTO STOCK EXCHANGE,Technology,2018-11-01,https://static.finnhub.io/logo/af289222-80da-11ea-a616-00000000092a.png,170.55599999999998,Alithya Group Inc,15142855552.0,58.081235,ALYA.TO,http://alithya.com
14,195,195,US,USD,NASDAQ NMS - GLOBAL MARKET,Technology,2009-07-21,https://static.finnhub.io/logo/51d78122-80db-11ea-bfdf-00000000092a.png,8.08917,Ameri Holdings Inc,17709354152.0,5.737001,AMRH,http://www.ameri100.com/
15,203,203,US,USD,NASDAQ NMS - GLOBAL MARKET,Technology,1983-02-25,https://static.finnhub.io/logo/96ee971a-80df-11ea-acfa-00000000092a.png,507.9927,American Software Inc,14042614381.0,32.480351,AMSWA,http://www.amsoftware.com/
16,227,227,US,USD,NASDAQ NMS - GLOBAL MARKET,Technology,1996-06-20,https://static.finnhub.io/logo/6edb83c2-826a-11ea-9332-00000000092a.png,28329.32,ANSYS Inc,18444626797.0,85.789237,ANSS,https://www.ansys.com/
17,229,229,CA,USD,NASDAQ NMS - GLOBAL MARKET,Technology,2014-07-07,https://static.finnhub.io/logo/2daae168-80d0-11ea-843f-00000000092a.png,11.55082,Sphere 3D Corp,14167495999.0,6.958325,ANY,http://sphere3d.com
18,237,237,CN,USD,NASDAQ NMS - GLOBAL MARKET,Technology,2020-06-25,,4084.08,Agora Inc,,396.897929,API,
19,244,244,US,USD,NASDAQ NMS - GLOBAL MARKET,Technology,2015-06-26,https://static.finnhub.io/logo/ff290e30-80d1-11ea-b270-00000000092a.png,5247.375,AppFolio Inc,18053646093.0,34.296564000000004,APPF,https://www.appfolio.com/
20,245,245,US,USD,NASDAQ NMS - GLOBAL MARKET,Technology,2017-05-25,https://static.finnhub.io/logo/af1648b6-80db-11ea-aaa4-00000000092a.png,5467.924,Appian Corp,17034428844.0,69.85085,APPN,https://www.appian.com/
21,246,246,US,USD,NASDAQ NMS - GLOBAL MARKET,Technology,2006-06-30,https://static.finnhub.io/logo/2f523190-80ce-11ea-abb7-00000000092a.png,2964.708,Digital Turbine Inc,15123877717.0,87.583694,APPS,http://www.digitalturbine.com/
22,297,297,US,USD,NASDAQ NMS - GLOBAL MARKET,Technology,1992-04-07,https://static.finnhub.io/logo/a393333e-80df-11ea-819f-00000000092a.png,136.7907,Asure Software Inc,15124372700.0,15.850601000000001,ASUR,http://www.asuresoftware.com/
23,333,333,US,USD,NASDAQ NMS - GLOBAL MARKET,Technology,2017-07-27,,85.80858,American Virtual Cloud Technologies Inc,14042343098.0,19.63583,AVCT,http://www.pensaregrp.com/
24,340,340,US,USD,NASDAQ NMS - GLOBAL MARKET,Technology,1993-03-12,https://static.finnhub.io/logo/15688ffe-80d1-11ea-895e-00000000092a.png,410.9619,Avid Technology Inc,19786403121.0,43.953142,AVID,https://www.avid.com/
25,348,348,US,USD,NASDAQ NMS - GLOBAL MARKET,Technology,1996-08-09,https://static.finnhub.io/logo/7b38fabe-80e0-11ea-8fd4-00000000092a.png,56.11561999999999,Aware Inc,16172764000.0,21.500239,AWRE,https://www.aware.com/
26,361,361,US,USD,NASDAQ NMS - GLOBAL MARKET,Technology,1994-10-27,https://static.finnhub.io/logo/7c15b8ba-80e1-11ea-9740-00000000092a.png,8768.894,Aspen Technology Inc,17812214302.0,67.718692,AZPN,http://www.aspentech.com
27,388,388,US,USD,NASDAQ NMS - GLOBAL MARKET,Technology,2012-02-17,https://static.finnhub.io/logo/99b480d8-80cb-11ea-8897-00000000092a.png,547.8603,Brightcove Inc,18888821880.0,39.414408,BCOV,https://www.brightcove.com/
28,425,425,US,,NASDAQ NMS - GLOBAL MARKET,Technology,2020-08-05,,0.0,"Bigcommerce Holdings, Inc.",18886998911.0,0.0,BIGC,https://www.bigcommerce.com/
29,440,440,US,USD,NASDAQ NMS - GLOBAL MARKET,Technology,1997-04-17,,28.256529999999998,BIO-Key International Inc,18668462594.0,62.376443,BKYI,http://www.bio-key.com/
30,441,441,US,USD,NASDAQ NMS - GLOBAL MARKET,Technology,2016-10-28,https://static.finnhub.io/logo/f033b8a2-80db-11ea-a1ad-00000000092a.png,5634.694,Blackline Inc,18182239008.0,56.89885699999999,BL,https://www.blackline.com/
31,450,450,US,USD,NASDAQ NMS - GLOBAL MARKET,Technology,2007-06-29,https://static.finnhub.io/logo/b6f9d6fe-80df-11ea-8968-00000000092a.png,10.16639,Bridgeline Digital Inc,17813765555.0,4.42017,BLIN,http://www.bridgelinedigital.com/
32,451,451,US,USD,NASDAQ NMS - GLOBAL MARKET,Technology,2004-07-19,https://static.finnhub.io/logo/24597550-80e0-11ea-93bc-00000000092a.png,2843.63,Blackbaud Inc,18432166200.0,49.575132,BLKB,https://www.blackbaud.com
33,469,469,US,USD,NASDAQ NMS - GLOBAL MARKET,Technology,2013-09-18,https://static.finnhub.io/logo/8e90f830-80ce-11ea-9261-00000000092a.png,360.0288,Benefitfocus Inc,18438497476.0,32.26065,BNFT,https://www.benefitfocus.com/
34,487,487,US,USD,NASDAQ NMS - GLOBAL MARKET,Technology,2017-11-30,https://static.finnhub.io/logo/4a68c2c6-80db-11ea-b14c-00000000092a.png,77.28748,Boxlight Corp,14048911122.0,50.514691,BOXL,http://investors.boxlight.com/
35,517,517,CN,USD,NASDAQ NMS - GLOBAL MARKET,Technology,2015-10-15,https://static.finnhub.io/logo/0c380ee8-80d3-11ea-a888-00000000092a.png,51.20606,Borqs Technologies Inc,861059756336.0,83.02445300000001,BRQS,http://www.borqs.com/
36,556,556,US,USD,NASDAQ NMS - GLOBAL MARKET,Technology,1999-10-20,https://static.finnhub.io/logo/b9784a8c-80df-11ea-9db3-00000000092a.png,16.70703,Bsquare Corp,14255195900.0,13.155139000000002,BSQR,https://www.bsquare.com/
37,559,559,US,,NASDAQ NMS - GLOBAL MARKET,Technology,2020-09-23,,0.0,Bentley Systems Inc,18002368539.0,0.0,BSY,https://www.bentley.com/
38,593,593,CN,CNY,NASDAQ NMS - GLOBAL MARKET,Technology,2019-11-21,https://static.finnhub.io/logo/243b01d0-81d2-11ea-adb0-00000000092a.png,318.05,Canaan Inc,8689995063.0,2372.222222,CAN,https://canaan-creative.com/
39,607,607,US,USD,NASDAQ NMS - GLOBAL MARKET,Technology,1996-07-01,,623.8559,Cass Information Systems Inc,13145065500.0,14.421079,CASS,https://www.cassinfo.com/
40,612,612,GB,USD,NASDAQ NMS - GLOBAL MARKET,Technology,2007-12-11,https://static.finnhub.io/logo/de6d7086-80df-11ea-9672-00000000092a.png,909.5527,Cardtronics PLC,4401707248781.0,44.476906,CATM,http://www.cardtronics.com/
41,641,641,CN,,NASDAQ NMS - GLOBAL MARKET,Technology,2020-09-30,,0.0,Chindata Group Holdings Ltd,864008797679.0,0.0,CD,https://www.chindatagroup.com/
42,645,645,US,USD,NASDAQ NMS - GLOBAL MARKET,Technology,2014-06-05,https://static.finnhub.io/logo/835d3d12-80d0-11ea-8dc7-00000000092a.png,5647.889,CDK Global Inc,18473971700.0,121.69551299999999,CDK,http://www.cdkglobal.com
43,651,651,US,USD,NASDAQ NMS - GLOBAL MARKET,Technology,1988-06-01,https://static.finnhub.io/logo/bbbf4280-80df-11ea-834e-00000000092a.png,31254.22,Cadence Design Systems Inc,14089431234.0,278.931,CDNS,https://www.cadence.com/
44,708,708,IL,USD,NASDAQ NMS - GLOBAL MARKET,Technology,1996-06-28,https://static.finnhub.io/logo/b9d95af6-826a-11ea-93e3-00000000092a.png,16964.21,Check Point Software Technologies Ltd,97237534555.0,140.20009199999998,CHKP,https://www.checkpoint.com
45,758,758,HK,USD,NASDAQ NMS - GLOBAL MARKET,Technology,2018-05-24,https://static.finnhub.io/logo/0d6e3c4a-80db-11ea-acc8-00000000092a.png,69.68375999999999,CLPS Inc,85237073600.0,14.82063,CLPS,http://www.clpsglobal.com
46,765,765,US,USD,NASDAQ NMS - GLOBAL MARKET,Technology,2011-04-09,https://static.finnhub.io/logo/e76a9728-80d9-11ea-9ab3-00000000092a.png,192.1517,CleanSpark Inc,17029418047.0,17.390979,CLSK,https://cleanspark.com/
47,789,789,US,USD,NASDAQ NMS - GLOBAL MARKET,Technology,2016-12-13,https://static.finnhub.io/logo/e569f9e6-80db-11ea-9fe3-00000000092a.png,782.5139,Conduent Inc,12038492339.0,209.228322,CNDT,https://www.conduent.com
48,822,822,US,USD,NASDAQ NMS - GLOBAL MARKET,Technology,2016-10-06,https://static.finnhub.io/logo/bbbad626-80d4-11ea-a7d3-00000000092a.png,20792.15,Coupa Software Inc,16509313200.0,68.848178,COUP,https://www.coupa.com/
49,826,826,CA,USD,NASDAQ NMS - GLOBAL MARKET,Technology,2008-08-25,https://static.finnhub.io/logo/ee4f7d8a-80cc-11ea-a29d-00000000092a.png,19.556079999999998,CounterPath Corp,16043203344.0,6.411828,CPAH,http://www.counterpath.com/
50,850,850,US,USD,NASDAQ NMS - GLOBAL MARKET,Technology,2019-09-16,https://static.finnhub.io/logo/25975618-80da-11ea-8a47-00000000092a.png,2394.313,Cerence Inc,16175800843.0,36.722584999999995,CRNC,http://www.cerence.com/
51,859,859,US,,NASDAQ NMS - GLOBAL MARKET,Technology,2020-09-23,,0.0,Corsair Gaming Inc,15106578747.0,0.0,CRSR,
52,867,867,US,USD,NASDAQ NMS - GLOBAL MARKET,Technology,2019-06-12,https://static.finnhub.io/logo/5f63e87e-80da-11ea-b6aa-00000000092a.png,29717.75,Crowdstrike Holdings Inc,18885128906.0,219.19400000000002,CRWD,https://ir.crowdstrike.com/
53,873,873,CN,,NASDAQ NMS - GLOBAL MARKET,Technology,2009-11-02,,0.0,Color Star Technology Co Ltd,861082525361.0,0.0,CSCW,http://www.china-acm.com/
54,876,876,US,USD,NASDAQ NMS - GLOBAL MARKET,Technology,1996-02-28,,1330.9660000000001,CSG Systems International Inc,13037962850.0,33.083921000000004,CSGS,https://www.csgi.com/
55,880,880,US,USD,NASDAQ NMS - GLOBAL MARKET,Technology,2011-03-17,https://static.finnhub.io/logo/fd5308d8-80c9-11ea-932e-00000000092a.png,2531.824,Cornerstone OnDemand Inc,13107520200.0,64.537966,CSOD,https://www.cornerstoneondemand.com/
56,881,881,US,USD,NASDAQ NMS - GLOBAL MARKET,Technology,1982-02-01,https://static.finnhub.io/logo/1f00df48-80e0-11ea-a394-00000000092a.png,33.03839,CSP Inc,19789545038.0,4.276814,CSPI,https://www.cspi.com/
57,896,896,US,USD,NASDAQ NMS - GLOBAL MARKET,Technology,1980-03-25,https://static.finnhub.io/logo/10fa1046-80e0-11ea-836b-00000000092a.png,86.03232,Computer Task Group Inc,17168828000.0,15.173248999999998,CTG,https://www.ctg.com/
58,904,904,US,USD,NASDAQ NMS - GLOBAL MARKET,Technology,1998-06-24,https://static.finnhub.io/logo/cad080be-80df-11ea-8b33-00000000092a.png,40190.88,Cognizant Technology Solutions Corp,12018010233.0,542.240742,CTSH,https://www.cognizant.com/
59,908,908,US,USD,NASDAQ NMS - GLOBAL MARKET,Technology,1995-12-01,https://static.finnhub.io/logo/ceb2199a-80df-11ea-af9f-00000000092a.png,15645.33,Citrix Systems Inc,19542673000.0,123.53198799999998,CTXS,https://www.citrix.com/
60,922,922,US,USD,NASDAQ NMS - GLOBAL MARKET,Technology,2006-09-22,https://static.finnhub.io/logo/cefdbe10-80df-11ea-b4b9-00000000092a.png,1963.3039999999999,Commvault Systems Inc,17328704000.0,46.391881,CVLT,https://www.commvault.com/
61,930,930,US,USD,NASDAQ NMS - GLOBAL MARKET,Technology,2004-08-16,,118.9542,Crexendo Inc,18012270004.0,17.340264,CXDO,
62,935,935,IL,USD,NASDAQ NMS - GLOBAL MARKET,Technology,2014-09-24,https://static.finnhub.io/logo/27bbcec2-80d0-11ea-aa2d-00000000092a.png,4200.029,Cyberark Software Ltd,97239180000.0,38.043516,CYBR,http://www.cyberark.com
63,939,939,IL,USD,NASDAQ NMS - GLOBAL MARKET,Technology,1999-07-15,,56.18461,Cyren Ltd,7037603320.0,60.413557,CYRN,https://www.cyren.com
64,955,955,US,USD,NASDAQ NMS - GLOBAL MARKET,Technology,2018-03-23,https://static.finnhub.io/logo/2739c27e-80db-11ea-8235-00000000092a.png,8151.486999999999,Dropbox Inc,14159867057.0,413.361408,DBX,https://www.dropbox.com/
65,961,961,US,,NASDAQ NMS - GLOBAL MARKET,Technology,2020-08-14,,0.0,Duck Creek Technologies Inc,18887243509.0,0.0,DCT,https://www.duckcreek.com
66,964,964,US,USD,NASDAQ NMS - GLOBAL MARKET,Technology,2019-09-19,https://static.finnhub.io/logo/2308e3fe-80da-11ea-b369-00000000092a.png,30964.48,Datadog Inc,18663294466.0,303.33545699999996,DDOG,http://www.datadoghq.com/
67,1002,1002,US,USD,NASDAQ NMS - GLOBAL MARKET,Technology,1999-12-02,https://static.finnhub.io/logo/d2c1dd54-80df-11ea-b303-00000000092a.png,419.6347,Digimarc Corp,15034694618.0,12.774269,DMRC,https://www.digimarc.com/
68,1007,1007,US,USD,NASDAQ NMS - GLOBAL MARKET,Technology,2018-04-27,https://static.finnhub.io/logo/1a0ef2ac-80db-11ea-afff-00000000092a.png,40702.95,DocuSign Inc,14154894940.0,185.164889,DOCU,https://www.docusign.com
69,1009,1009,US,USD,NASDAQ NMS - GLOBAL MARKET,Technology,2018-06-29,https://static.finnhub.io/logo/f05d2b50-80da-11ea-bc74-00000000092a.png,1055.515,Domo Inc,18008991000.0,29.271064000000003,DOMO,https://www.domo.com/
70,1012,1012,US,USD,NASDAQ NMS - GLOBAL MARKET,Technology,1998-06-19,https://static.finnhub.io/logo/c2237c1e-80eb-11ea-9b88-00000000092a.png,7623.319,Amdocs Ltd,13142127000.0,133.019,DOX,https://www.amdocs.com/
71,1025,1025,CA,USD,TORONTO STOCK EXCHANGE,Technology,1998-01-21,,6152.525,Descartes Systems Group Inc,15197468110.0,84.473968,DSG.TO,https://www.descartes.com/home
72,1032,1032,CN,USD,NASDAQ NMS - GLOBAL MARKET,Technology,2015-10-22,,74.56009,Datasea Inc,861058401996.0,20.943846,DTSS,http://www.datasea.com/
73,1034,1034,US,USD,NASDAQ NMS - GLOBAL MARKET,Technology,2008-08-13,https://static.finnhub.io/logo/71a038d8-80fc-11ea-82c5-00000000092a.png,12.71842,Duos Technologies Group Inc,19042962807.0,3.532895,DUOT,https://ir.duostechnologies.com/
74,1069,1069,US,USD,NASDAQ NMS - GLOBAL MARKET,Technology,1987-07-01,,618.8694,Ebix Inc,16782812020.0,30.912559,EBIX,https://www.ebix.com/
75,1072,1072,CN,USD,NASDAQ NMS - GLOBAL MARKET,Technology,2020-06-26,,1280.215,Ebang International Holdings Inc,8657188176197.0,131.035337,EBON,http://www.ebang.com.cn/
76,1089,1089,US,USD,NASDAQ NMS - GLOBAL MARKET,Technology,1997-03-07,https://static.finnhub.io/logo/2d22afca-80e0-11ea-b0c4-00000000092a.png,4957.522,Euronet Worldwide Inc,19133274200.0,52.289019,EEFT,http://www.euronetworldwide.com
77,1094,1094,US,USD,NASDAQ NMS - GLOBAL MARKET,Technology,1999-09-23,https://static.finnhub.io/logo/cc2e9b0a-80cb-11ea-8fbc-00000000092a.png,572.4381,eGain Corp,16502307500.0,30.909187,EGAN,http://www.egain.com/
78,1097,1097,US,USD,NASDAQ NMS - GLOBAL MARKET,Technology,1999-07-15,https://static.finnhub.io/logo/148a981e-80e0-11ea-91fe-00000000092a.png,1408.119,NIC Inc,19134983468.0,67.02135600000001,EGOV,http://www.egov.com/
79,1102,1102,US,USD,NASDAQ NMS - GLOBAL MARKET,Technology,2013-10-24,https://static.finnhub.io/logo/95ab3fae-80ce-11ea-ad9b-00000000092a.png,897.9051,Endurance International Group Holdings Inc,17818523200.0,140.737472,EIGI,https://www.endurance.com/
80,1131,1131,US,USD,NASDAQ NMS - GLOBAL MARKET,Technology,1999-02-12,https://static.finnhub.io/logo/32899290-80e0-11ea-94ec-00000000092a.png,1917.057,Bottomline Technologies (DE) Inc,16034360700.0,44.980227,EPAY,http://www.bottomline.com/
81,1177,1177,US,USD,NASDAQ NMS - GLOBAL MARKET,Technology,2016-09-16,https://static.finnhub.io/logo/fd136152-80db-11ea-a17e-00000000092a.png,4399.918,Everbridge Inc,18182309700.0,34.585115,EVBG,https://www.everbridge.com/
82,1186,1186,US,USD,NASDAQ NMS - GLOBAL MARKET,Technology,1998-05-12,https://static.finnhub.io/logo/d80b496e-80df-11ea-b6a3-00000000092a.png,13.780320000000001,Evolving Systems Inc,13038021000.0,12.194971,EVOL,https://www.evolving.com/
83,1187,1187,US,USD,NASDAQ NMS - GLOBAL MARKET,Technology,2018-05-23,https://static.finnhub.io/logo/0d2b247e-80db-11ea-b15b-00000000092a.png,1839.1329999999998,EVO Payments Inc,15164799000.0,82.295744,EVOP,https://evopayments.com/
84,1198,1198,US,USD,NASDAQ NMS - GLOBAL MARKET,Technology,2006-10-20,https://static.finnhub.io/logo/d86c2fb8-80df-11ea-99a4-00000000092a.png,2579.624,Exlservice Holdings Inc,12122777100.0,34.176255,EXLS,http://www.exlservice.com/
85,1272,1272,US,USD,NASDAQ NMS - GLOBAL MARKET,Technology,2013-09-20,https://static.finnhub.io/logo/91c25cf8-80ce-11ea-b84f-00000000092a.png,3211.423,FireEye Inc,14083216300.0,225.52125800000002,FEYE,https://www.fireeye.com/
86,1293,1293,US,USD,NASDAQ NMS - GLOBAL MARKET,Technology,1986-09-25,https://static.finnhub.io/logo/00c11766-80e0-11ea-af10-00000000092a.png,67755.18,Fiserv Inc,14148795000.0,669.649953,FISV,https://www.fiserv.com/
87,1299,1299,US,USD,NASDAQ NMS - GLOBAL MARKET,Technology,2014-04-04,https://static.finnhub.io/logo/92a385a2-80cf-11ea-8347-00000000092a.png,9295.987,Five9 Inc,19252012000.0,65.33587,FIVN,https://www.five9.com/
88,1366,1366,US,,NASDAQ NMS - GLOBAL MARKET,Technology,2020-09-16,,0.0,Jfrog Ltd,4083291540.0,0.0,FROG,http://www.jfrog.com
89,1398,1398,US,USD,NASDAQ NMS - GLOBAL MARKET,Technology,2009-06-08,https://static.finnhub.io/logo/4a69c7b4-80ff-11ea-8df0-00000000092a.png,21099.6,Fortinet Inc,14082357700.0,161.83158400000002,FTNT,https://www.fortinet.com/
90,1453,1453,CN,CNY,NASDAQ NMS - GLOBAL MARKET,Technology,2016-11-02,https://static.finnhub.io/logo/efb7fe1c-80db-11ea-b908-00000000092a.png,12653.21,GDS Holdings Ltd,862120292200.0,1216.4327150000001,GDS,http://www.gds-services.com/
91,1454,1454,US,USD,NASDAQ NMS - GLOBAL MARKET,Technology,2018-10-05,,434.1828,Grid Dynamics Holdings Inc,16197366855.0,50.841077,GDYN,
92,1567,1567,US,USD,NASDAQ NMS - GLOBAL MARKET,Technology,2018-05-24,,981.2386,GreenSky Inc,16782646105.0,182.386353,GSKY,
93,1571,1571,CN,CNY,NASDAQ NMS - GLOBAL MARKET,Technology,2016-09-23,,63.00224,Gridsum Holding Inc,861082619988.0,34.576351,GSUM,http://ir.gridsum.com/
94,1578,1578,US,USD,NASDAQ NMS - GLOBAL MARKET,Technology,2016-11-14,,178.2454,Gty Technology Holdings Inc,17029452700.0,53.892941,GTYH,
95,1580,1580,US,USD,NASDAQ NMS - GLOBAL MARKET,Technology,1995-07-27,https://static.finnhub.io/logo/57b65608-80df-11ea-bafd-00000000092a.png,20.96499,GSE Systems Inc,14109707874.0,20.553913,GVP,http://www.gses.com/
96,1621,1621,US,USD,NASDAQ NMS - GLOBAL MARKET,Technology,1998-05-28,https://static.finnhub.io/logo/5655c062-80e0-11ea-a2b0-00000000092a.png,405.6725,Hackett Group Inc,13053758005.0,30.06095,HCKT,https://www.thehackettgroup.com/
97,1762,1762,US,USD,NASDAQ NMS - GLOBAL MARKET,Technology,2001-07-11,https://static.finnhub.io/logo/bee1ce6c-80cc-11ea-a9a6-00000000092a.png,223.0175,Ideanomics Inc,12122061216.0,237.303159,IDEX,https://ideanomics.com/
98,1793,1793,US,USD,NASDAQ NMS - GLOBAL MARKET,Technology,2007-02-01,https://static.finnhub.io/logo/6f32dbcc-80e0-11ea-9f84-00000000092a.png,100.969,Information Services Group Inc,12035173100.0,48.080465999999994,III,http://www.isg-one.com/
99,1795,1795,US,USD,NASDAQ NMS - GLOBAL MARKET,Technology,2018-06-21,,794.4004,i3 Verticals Inc,18002037981.0,27.48595,IIIV,
100,1810,1810,US,USD,NASDAQ NMS - GLOBAL MARKET,Technology,1999-11-12,https://static.finnhub.io/logo/2715237e-80e0-11ea-a059-00000000092a.png,188.2588,Immersion Corp,14084671900.0,26.864143,IMMR,https://www.immersion.com/
101,1822,1822,US,USD,NASDAQ NMS - GLOBAL MARKET,Technology,2017-01-20,,580.4023,International Money Express Inc,13056718000.0,38.059169,IMXI,
102,1841,1841,US,USD,NASDAQ NMS - GLOBAL MARKET,Technology,1993-08-10,https://static.finnhub.io/logo/708d529a-80e0-11ea-8cd2-00000000092a.png,63.838930000000005,Innodata Inc,12013718000.0,24.459359,INOD,http://www.innodata.com/
103,1843,1843,US,USD,NASDAQ NMS - GLOBAL MARKET,Technology,2002-05-29,https://static.finnhub.io/logo/bb2d670a-80cf-11ea-8638-00000000092a.png,44.79487,Inpixon,14087022167.0,42.259313,INPX,https://inpixon.com/
104,1849,1849,US,USD,NASDAQ NMS - GLOBAL MARKET,Technology,1993-03-12,https://static.finnhub.io/logo/e055e73a-80e0-11ea-9003-00000000092a.png,87553.56,Intuit Inc,16509446000.0,261.807204,INTU,https://www.intuit.com/
105,1850,1850,US,USD,OTC MARKETS,Technology,1992-05-21,,187.5716,Intrusion Inc,19722346400.0,13.792029999999999,INTZ,http://www.intrusion.com/
106,1903,1903,US,USD,NASDAQ NMS - GLOBAL MARKET,Technology,1995-11-21,https://static.finnhub.io/logo/ab7e31fe-80e0-11ea-ac4f-00000000092a.png,135.4297,Intevac Inc,14089869888.0,23.635197,IVAC,http://www.intevac.com/
107,1915,1915,US,USD,NASDAQ NMS - GLOBAL MARKET,Technology,1982-09-16,https://static.finnhub.io/logo/fa7cf924-80e0-11ea-afc8-00000000092a.png,3338.164,j2 Global Inc,13238609200.0,47.60645,JCOM,https://www.j2global.com/
108,1921,1921,CN,CNY,NASDAQ NMS - GLOBAL MARKET,Technology,2018-07-26,,215.7704,Aurora Mobile Ltd,8675583881462.0,77.106227,JG,https://www.jiguang.cn/
109,1923,1923,US,USD,NASDAQ NMS - GLOBAL MARKET,Technology,1985-11-21,https://static.finnhub.io/logo/7b82e7c6-80e0-11ea-a6f5-00000000092a.png,12083.23,Jack Henry & Associates Inc,14172356652.0,76.3264,JKHY,https://www.jackhenry.com
110,1954,1954,CN,CNY,NASDAQ NMS - GLOBAL MARKET,Technology,2020-05-04,,6456.549,Kingsoft Cloud Holdings Ltd,861062927777.0,3146.4664940000002,KC,https://www.ksyun.com/
111,2092,2092,US,USD,NASDAQ NMS - GLOBAL MARKET,Technology,2007-06-08,https://static.finnhub.io/logo/5ec24578-80e0-11ea-9b80-00000000092a.png,512.7043,Limelight Networks Inc,16028505000.0,122.072457,LLNW,https://www.limelight.com
112,2119,2119,CH,USD,SWISS EXCHANGE,Technology,2012-09-24,,13671.96,Logitech International SA,,168.74900000000002,LOGN.SW,
113,2127,2127,US,USD,NASDAQ NMS - GLOBAL MARKET,Technology,2000-04-07,,3873.1740000000004,LivePerson Inc,12126094200.0,66.174172,LPSN,https://www.liveperson.com/
114,2172,2172,US,USD,NASDAQ NMS - GLOBAL MARKET,Technology,1998-04-23,https://static.finnhub.io/logo/15ad22b6-80e0-11ea-b91d-00000000092a.png,6194.431,Manhattan Associates Inc,17709557070.0,63.526106000000006,MANH,http://www.manh.com/
115,2173,2173,US,USD,NASDAQ NMS - GLOBAL MARKET,Technology,2002-02-07,https://static.finnhub.io/logo/60d896da-80e0-11ea-a793-00000000092a.png,2807.159,ManTech International Corp,17032186000.0,40.331463,MANT,http://www.mantech.com/
116,2175,2175,US,USD,NASDAQ NMS - GLOBAL MARKET,Technology,2014-07-28,https://static.finnhub.io/logo/4591485a-80d0-11ea-8376-00000000092a.png,88.07173,Marathon Patent Group Inc,18008041690.0,32.142967999999996,MARA,https://www.marathonpg.com/
117,2202,2202,US,,NASDAQ NMS - GLOBAL MARKET,Technology,2020-10-22,,0.0,Mcafee Corp,18666223911.0,0.0,MCFE,https://www.mcafee.com
118,2211,2211,US,USD,NASDAQ NMS - GLOBAL MARKET,Technology,2017-10-19,https://static.finnhub.io/logo/65608694-80db-11ea-940d-00000000092a.png,14599.51,MongoDB Inc,18662378815.0,58.868997,MDB,https://www.mongodb.com/
119,2238,2238,CN,USD,NASDAQ NMS - GLOBAL MARKET,Technology,2015-04-08,,21.21806,Mercurity Fintech Holding Inc,861062668858.0,2960.65908,MFH,
120,2244,2244,US,USD,NASDAQ NMS - GLOBAL MARKET,Technology,2004-06-22,https://static.finnhub.io/logo/250da2ac-80ec-11ea-820c-00000000092a.png,334.2425,MoneyGram International Inc,12149997640.0,70.664378,MGI,http://corporate.moneygram.com/
121,2245,2245,IL,USD,NASDAQ NMS - GLOBAL MARKET,Technology,1991-08-16,https://static.finnhub.io/logo/3cadc0f4-80e1-11ea-9896-00000000092a.png,664.3759,Magic Software Enterprises Ltd,97235389389.0,48.939538,MGIC,https://www.magicsoftware.com
122,2259,2259,GB,USD,NASDAQ NMS - GLOBAL MARKET,Technology,2015-11-19,https://static.finnhub.io/logo/2911da64-80d3-11ea-bd5a-00000000092a.png,2733.873,Mimecast Ltd,442078478700.0,63.875547,MIME,https://www.mimecast.com/
123,2264,2264,US,USD,NASDAQ NMS - GLOBAL MARKET,Technology,1989-01-03,,582.5769,Mitek Systems Inc,16192696800.0,41.288229,MITK,https://www.miteksystems.com/
124,2285,2285,IL,USD,NASDAQ NMS - GLOBAL MARKET,Technology,2000-08-01,https://static.finnhub.io/logo/4fd766d2-80e1-11ea-9b28-00000000092a.png,46.35844,Mind CTI Ltd,97249936666.0,19.896326000000002,MNDO,http://www.mindcti.com
125,2314,2314,US,USD,NASDAQ NMS - GLOBAL MARKET,Technology,2013-03-22,https://static.finnhub.io/logo/bf2e27dc-80cd-11ea-8e07-00000000092a.png,24.02235,Marin Software Inc,14153992580.0,6.962999999999999,MRIN,http://www.marinsoftware.com/
126,2327,2327,US,USD,NASDAQ NMS - GLOBAL MARKET,Technology,1986-03-13,,1635310.0,Microsoft Corp,14258828080.0,7562.826058,MSFT,https://www.microsoft.com/en-us
127,2329,2329,US,USD,NASDAQ NMS - GLOBAL MARKET,Technology,1998-07-11,https://static.finnhub.io/logo/4c738834-80e1-11ea-abbf-00000000092a.png,1785.162,MicroStrategy Inc,17038488600.0,9.686177,MSTR,https://www.microstrategy.com/
128,2333,2333,CN,USD,NASDAQ NMS - GLOBAL MARKET,Technology,2018-12-27,https://static.finnhub.io/logo/12f9059e-81d4-11ea-9b70-00000000092a.png,22.2774,MMTEC Inc,861056172312.0,20.82,MTC,https://www.51mm.com/
129,2338,2338,BE,EUR,NASDAQ NMS - GLOBAL MARKET,Technology,2014-06-25,https://static.finnhub.io/logo/d0dfa200-80cf-11ea-90b4-00000000092a.png,2620.275,Materialise NV,3216396611.0,53.172513,MTLS,http://www.materialise.com
130,2343,2343,IL,USD,NASDAQ NMS - GLOBAL MARKET,Technology,1997-05-01,https://static.finnhub.io/logo/51376e92-80e1-11ea-9724-00000000092a.png,5.8685,Mer Telemanagement Solutions Ltd,97297777555.0,4.412408,MTSL,http://mtsint.com
131,2352,2352,IL,USD,NASDAQ NMS - GLOBAL MARKET,Technology,2005-09-12,https://static.finnhub.io/logo/694fd17e-80d4-11ea-a98b-00000000092a.png,0.0,My Size Inc,97236009030.0,0.0,MYSZ,http://mysizeid.com
132,2393,2393,US,USD,NASDAQ NMS - GLOBAL MARKET,Technology,2012-10-03,https://static.finnhub.io/logo/320ae0f8-80cd-11ea-a95b-00000000092a.png,33.2866,Net Element Inc,13055078808.0,4.845211,NETE,https://www.netelement.com/
133,2427,2427,US,USD,NASDAQ NMS - GLOBAL MARKET,Technology,1989-06-23,https://static.finnhub.io/logo/a14f7054-80e0-11ea-8378-00000000092a.png,12316.5,NortonLifeLock Inc,16505272900.0,591.0029490000001,NLOK,https://www.nortonlifelock.com/
134,2440,2440,IL,USD,NASDAQ NMS - GLOBAL MARKET,Technology,1977-01-01,https://static.finnhub.io/logo/1a526868-80fe-11ea-8d55-00000000092a.png,213.7386,Nano Dimension Ltd,,53.70316700000001,NNDM,http://www.nano-di.com
135,2461,2461,US,USD,NASDAQ NMS - GLOBAL MARKET,Technology,1995-11-21,https://static.finnhub.io/logo/8aa1beee-80e0-11ea-85fc-00000000092a.png,10409.82,NetApp Inc,14088226000.0,222.005088,NTAP,http://www.netapp.com
136,2468,2468,US,USD,NASDAQ NMS - GLOBAL MARKET,Technology,2016-09-30,https://static.finnhub.io/logo/6867752e-80d3-11ea-9cb6-00000000092a.png,5114.339,Nutanix Inc,14082168360.0,201.988135,NTNX,https://www.nutanix.com/
137,2473,2473,US,USD,NASDAQ NMS - GLOBAL MARKET,Technology,1998-09-24,https://static.finnhub.io/logo/e2b2a950-80e0-11ea-8c97-00000000092a.png,31.6645,NetSol Technologies Inc,18182229195.0,11.727594,NTWK,http://www.netsoltech.com/
138,2474,2474,US,USD,NASDAQ NMS - GLOBAL MARKET,Technology,1995-12-11,https://static.finnhub.io/logo/fbe83ee8-826a-11ea-9dc1-00000000092a.png,9682.993,Nuance Communications Inc,17815655000.0,282.302995,NUAN,https://www.nuance.com/
139,2500,2500,US,USD,NASDAQ NMS - GLOBAL MARKET,Technology,2013-08-02,https://static.finnhub.io/logo/74064cd8-80d0-11ea-a07b-00000000092a.png,16.86779,NXT-ID Inc,12032662103.0,35.009952,NXTD,https://nxt-id.com
140,2539,2539,US,USD,NASDAQ NMS - GLOBAL MARKET,Technology,2017-04-07,https://static.finnhub.io/logo/c6cf038a-80db-11ea-a66a-00000000092a.png,28116.66,Okta Inc,18887227871.0,128.088,OKTA,https://www.okta.com/
141,2540,2540,US,,NASDAQ NMS - GLOBAL MARKET,Technology,2005-11-18,,0.0,OLB Group Inc,12122780900.0,0.0,OLB,
142,2577,2577,NO,USD,NASDAQ NMS - GLOBAL MARKET,Technology,2018-07-27,https://static.finnhub.io/logo/eb33c0c2-80da-11ea-b3be-00000000092a.png,1177.24,Opera Ltd,4723692400.0,235.12766200000002,OPRA,https://www.opera.com/
143,2596,2596,US,USD,NASDAQ NMS - GLOBAL MARKET,Technology,1998-03-20,https://static.finnhub.io/logo/03034264-80e1-11ea-a0ec-00000000092a.png,959.4110000000001,OneSpan Inc,13127664001.0,40.345290999999996,OSPN,https://www.onespan.com
144,2597,2597,US,USD,NASDAQ NMS - GLOBAL MARKET,Technology,2018-02-01,https://static.finnhub.io/logo/43ede25a-80db-11ea-996f-00000000092a.png,39.40747,One Stop Systems Inc,17607459883.0,16.627623,OSS,https://www.onestopsystems.com
145,2602,2602,CA,USD,TORONTO STOCK EXCHANGE,Technology,1998-06-26,https://static.finnhub.io/logo/105bd006-80f7-11ea-87bc-00000000092a.png,14551.29,Open Text Corp,14169560322.0,272.088486,OTEX.TO,https://www.opentext.com/
146,2643,2643,US,,NASDAQ NMS - GLOBAL MARKET,Technology,2019-01-07,,0.0,Paya Holdings Inc,14844593476.0,0.0,PAYA,
147,2645,2645,US,USD,NASDAQ NMS - GLOBAL MARKET,Technology,2001-07-19,https://static.finnhub.io/logo/db1c0866-80da-11ea-890b-00000000092a.png,273.4978,Paysign Inc,17024532221.0,49.546707,PAYS,https://www.3pea.com/
148,2646,2646,US,USD,NASDAQ NMS - GLOBAL MARKET,Technology,2005-06-05,https://static.finnhub.io/logo/acaa8fac-80e0-11ea-9d58-00000000092a.png,30568.31,Paychex Inc,15853856666.0,359.500317,PAYX,http://www.paychex.com
149,2654,2654,CN,USD,NASDAQ NMS - GLOBAL MARKET,Technology,2019-04-02,,22.90686,Powerbridge Technologies Co Ltd,867563395666.0,9.199542,PBTS,http://www.powerbridge.com
150,2664,2664,US,USD,NASDAQ NMS - GLOBAL MARKET,Technology,2014-03-19,https://static.finnhub.io/logo/6992c0b6-80cf-11ea-b177-00000000092a.png,10350.27,Paylocity Holding Corp,18005202687.0,53.81348199999999,PCTY,https://www.paylocity.com/
151,2666,2666,US,USD,NASDAQ NMS - GLOBAL MARKET,Technology,1998-11-18,https://static.finnhub.io/logo/ea27e606-80c9-11ea-897a-00000000092a.png,98.47381999999999,Park City Group Inc,14356452000.0,19.499767000000002,PCYG,http://www.parkcitygroup.com/
152,2682,2682,US,USD,NASDAQ NMS - GLOBAL MARKET,Technology,1996-07-19,https://static.finnhub.io/logo/a789ccc6-80e0-11ea-87b1-00000000092a.png,10794.14,Pegasystems Inc,16173749600.0,80.415254,PEGA,https://www.pega.com/
153,2706,2706,US,USD,NASDAQ NMS - GLOBAL MARKET,Technology,2012-01-03,https://static.finnhub.io/logo/30145842-80cc-11ea-b739-00000000092a.png,6195.3330000000005,Proofpoint Inc,14085174710.0,57.641721999999994,PFPT,https://www.proofpoint.com/
154,2707,2707,US,USD,NASDAQ NMS - GLOBAL MARKET,Technology,1999-12-02,https://static.finnhub.io/logo/6428db86-80fc-11ea-9e35-00000000092a.png,141.9727,PFSweb Inc,19728812900.0,20.195259,PFSW,http://www.pfsweb.com/
155,2719,2719,US,USD,NASDAQ NMS - GLOBAL MARKET,Technology,2016-10-10,https://static.finnhub.io/logo/f65ea11e-80db-11ea-835b-00000000092a.png,34.9211,Phunware Inc,15126934199.0,45.452422,PHUN,https://www.phunware.com
156,2783,2783,US,USD,NASDAQ NMS - GLOBAL MARKET,Technology,1999-07-29,https://static.finnhub.io/logo/9f6adada-80e0-11ea-8f65-00000000092a.png,1459.953,Perficient Inc,13145293600.0,33.248756,PRFT,https://www.perficient.com/
157,2786,2786,US,USD,NASDAQ NMS - GLOBAL MARKET,Technology,1991-07-30,,1765.279,Progress Software Corp,17812804473.0,45.101672,PRGS,https://www.progress.com/
158,2787,2787,US,USD,NASDAQ NMS - GLOBAL MARKET,Technology,1996-03-27,https://static.finnhub.io/logo/d167a322-80e0-11ea-9405-00000000092a.png,118.2996,PRGX Global Inc,17707796610.0,23.612686,PRGX,https://www.prgx.com/
159,2801,2801,US,USD,NASDAQ NMS - GLOBAL MARKET,Technology,2016-09-14,https://static.finnhub.io/logo/eaf51822-80db-11ea-892f-00000000092a.png,202.8557,Priority Technology Holdings Inc,18009355961.0,67.618551,PRTH,https://prth.com/
160,2806,2806,US,USD,NASDAQ NMS - GLOBAL MARKET,Technology,2018-05-17,https://static.finnhub.io/logo/10def1e8-80db-11ea-bcae-00000000092a.png,2606.165,Pluralsight Inc,18017849007.0,144.46588,PS,https://investors.pluralsight.com/
161,2834,2834,US,USD,NASDAQ NMS - GLOBAL MARKET,Technology,1989-12-08,https://static.finnhub.io/logo/29d81df0-80e1-11ea-8920-00000000092a.png,10077.88,PTC Inc,17813705000.0,116.117972,PTC,https://www.ptc.com/
162,2866,2866,US,USD,NASDAQ NMS - GLOBAL MARKET,Technology,2015-07-06,https://static.finnhub.io/logo/58e310c0-80d2-11ea-8993-00000000092a.png,238365.2,PayPal Holdings Inc,14089671000.0,1173.0,PYPL,https://www.paypal.com/
163,2870,2870,US,USD,NASDAQ NMS - GLOBAL MARKET,Technology,1997-08-06,https://static.finnhub.io/logo/413ba77a-80ca-11ea-a5c0-00000000092a.png,889.7182,QAD Inc,18055666000.0,20.695704,QADA,https://www.qad.com/
164,2882,2882,CY,RUB,NASDAQ NMS - GLOBAL MARKET,Technology,2013-05-03,,993.9294,Qiwi PLC,35722653390.0,62.712975,QIWI,https://investor.qiwi.com/investor-relations
165,2885,2885,US,USD,NASDAQ NMS - GLOBAL MARKET,Technology,2012-09-28,https://static.finnhub.io/logo/0c941eb4-80cd-11ea-bef5-00000000092a.png,3833.2059999999997,Qualys Inc,16508016100.0,39.246507,QLYS,https://www.qualys.com/
166,2886,2886,US,USD,NASDAQ NMS - GLOBAL MARKET,Technology,1982-12-13,https://static.finnhub.io/logo/63132692-80fa-11ea-8902-00000000092a.png,193.5536,Quantum Corp,14089444000.0,39.907956,QMCO,http://www.quantum.com/
167,2905,2905,US,USD,NASDAQ NMS - GLOBAL MARKET,Technology,1992-11-05,https://static.finnhub.io/logo/5a9dfffa-80e0-11ea-83c4-00000000092a.png,63.55171,Qumu Corp,16126389100.0,13.521641,QUMU,https://www.qumu.com/
168,2987,2987,US,USD,NASDAQ NMS - GLOBAL MARKET,Technology,2003-01-23,https://static.finnhub.io/logo/a40340a6-80df-11ea-8763-00000000092a.png,191.2881,Riot Blockchain Inc,13037942000.0,48.92279,RIOT,https://riotblockchain.com/
169,2996,2996,US,USD,NASDAQ NMS - GLOBAL MARKET,Technology,2015-07-10,https://static.finnhub.io/logo/617cefd0-80d2-11ea-9441-00000000092a.png,237.97400000000002,Rimini Street Inc,17028399671.0,74.6,RMNI,https://www.riministreet.com/
170,3011,3011,US,USD,NASDAQ NMS - GLOBAL MARKET,Technology,1997-11-21,https://static.finnhub.io/logo/7addcd9e-80e0-11ea-ad72-00000000092a.png,60.84932,RealNetworks Inc,12066742700.0,38.270012,RNWK,https://www.realnetworks.com/
171,3023,3023,US,USD,NASDAQ NMS - GLOBAL MARKET,Technology,2010-08-12,https://static.finnhub.io/logo/2ee392a6-80c9-11ea-b850-00000000092a.png,5997.717,RealPage Inc,19728203915.0,101.91532,RP,https://www.realpage.com
172,3024,3024,US,USD,NASDAQ NMS - GLOBAL MARKET,Technology,2018-07-17,https://static.finnhub.io/logo/e6455192-80da-11ea-93c1-00000000092a.png,1904.19,Repay Holdings Corp,18776075468.0,39.699940999999995,RPAY,https://www.repay.com/
173,3025,3025,US,USD,NASDAQ NMS - GLOBAL MARKET,Technology,2015-07-17,https://static.finnhub.io/logo/2e5e4212-80d2-11ea-944b-00000000092a.png,3351.612,Rapid7 Inc,16172471717.0,51.006114000000004,RPD,http://www.rapid7.com
174,3031,3031,US,USD,NASDAQ NMS - GLOBAL MARKET,Technology,2009-04-14,,60.74117,Research Solutions Inc,13104770354.0,26.18154,RSSS,http://www.researchsolutions.com/
175,3045,3045,US,,NASDAQ NMS - GLOBAL MARKET,Technology,2020-08-05,,0.0,Rackspace Technology Inc,12103124000.0,0.0,RXT,https://www.rackspace.com/
176,3049,3049,US,USD,NASDAQ NMS - GLOBAL MARKET,Technology,2014-04-17,https://static.finnhub.io/logo/b6c06634-80cf-11ea-a9b3-00000000092a.png,2310.669,Sabre Corp,16826051000.0,316.96418900000003,SABR,http://www.sabre.com
177,3084,3084,US,USD,NASDAQ NMS - GLOBAL MARKET,Technology,1995-06-07,https://static.finnhub.io/logo/39cf435e-80d4-11ea-bf7e-00000000092a.png,8.833960000000001,Socket Mobile Inc,15109333000.0,6.050655,SCKT,https://www.socketmobile.com/
178,3090,3090,US,USD,NASDAQ NMS - GLOBAL MARKET,Technology,2016-04-22,,913.9423,SecureWorks Corp,14049291810.0,82.18905699999999,SCWX,
179,3097,3097,US,USD,NASDAQ NMS - GLOBAL MARKET,Technology,1996-11-05,https://static.finnhub.io/logo/a253d1c8-80e0-11ea-8082-00000000092a.png,30.24015,SeaChange International Inc,19788970100.0,37.556067,SEAC,https://www.seachange.com/
180,3142,3142,US,USD,NASDAQ NMS - GLOBAL MARKET,Technology,2011-04-11,https://static.finnhub.io/logo/6513d48c-80cf-11ea-96ba-00000000092a.png,131.4726,SharpSpring Inc,18884289605.0,11.552951,SHSP,https://sharpspring.com/
181,3186,3186,US,USD,NASDAQ NMS - GLOBAL MARKET,Technology,2007-03-29,https://static.finnhub.io/logo/923af25e-81d1-11ea-abfc-00000000092a.png,1335.046,Super Micro Computer Inc,14085038000.0,52.436981,SMCI,https://www.supermicro.com/en/
182,3198,3198,US,USD,NASDAQ NMS - GLOBAL MARKET,Technology,1995-09-19,https://static.finnhub.io/logo/03a1c126-80e1-11ea-a343-00000000092a.png,172.0396,Smith Micro Software Inc,14128375300.0,41.355672999999996,SMSI,http://www.smithmicro.com/
183,3204,3204,US,USD,NASDAQ NMS - GLOBAL MARKET,Technology,2000-09-19,,139.4922,Synchronoss Technologies Inc,18666203940.0,45.735138,SNCR,https://synchronoss.com/
184,3216,3216,US,USD,NASDAQ NMS - GLOBAL MARKET,Technology,1992-02-26,https://static.finnhub.io/logo/b5dff9e4-80e0-11ea-b347-00000000092a.png,34410.45,Synopsys Inc,16505845000.0,151.761689,SNPS,https://www.synopsys.com/
185,3231,3231,US,USD,NASDAQ NMS - GLOBAL MARKET,Technology,2019-05-10,https://static.finnhub.io/logo/67bc77c6-80da-11ea-9bd4-00000000092a.png,38.7208,Sonim Technologies Inc,16503788100.0,65.93019100000001,SONM,http://www.sonimtech.com
186,3241,3241,US,USD,NASDAQ NMS - GLOBAL MARKET,Technology,2012-04-19,https://static.finnhub.io/logo/71ece046-80cc-11ea-87b1-00000000092a.png,34726.9,Splunk Inc,14158488400.0,160.39396399999998,SPLK,https://www.splunk.com/
187,3243,3243,IL,USD,NASDAQ NMS - GLOBAL MARKET,Technology,1992-05-29,https://static.finnhub.io/logo/b2eef4d0-80e0-11ea-9751-00000000092a.png,1534.884,Sapiens International Corporation NV,97237902000.0,53.798962,SPNS,https://www.sapiens.com/
188,3249,3249,US,USD,NASDAQ NMS - GLOBAL MARKET,Technology,2000-07-19,https://static.finnhub.io/logo/25d7d468-80e1-11ea-b363-00000000092a.png,41.78232,Support.com Inc,16505569440.0,19.078685999999998,SPRT,https://www.support.com
189,3250,3250,US,USD,NASDAQ NMS - GLOBAL MARKET,Technology,2010-04-23,https://static.finnhub.io/logo/c724ad66-80c8-11ea-8993-00000000092a.png,3044.562,SPS Commerce Inc,16124359400.0,35.128208,SPSC,https://www.spscommerce.com/
190,3251,3251,US,USD,NASDAQ NMS - GLOBAL MARKET,Technology,2019-12-13,https://static.finnhub.io/logo/f1f72c2e-80d9-11ea-9fd8-00000000092a.png,2491.124,Sprout Social Inc,18668783231.0,50.970181,SPT,https://sproutsocial.com/
191,3267,3267,US,USD,NASDAQ NMS - GLOBAL MARKET,Technology,2011-03-25,https://static.finnhub.io/logo/b92dd4a8-80ca-11ea-953d-00000000092a.png,140.5568,ServiceSource International Inc,17208898500.0,95.61685899999999,SREV,https://www.servicesource.com/
192,3278,3278,US,USD,NASDAQ NMS - GLOBAL MARKET,Technology,2010-03-31,https://static.finnhub.io/logo/7692cd66-8100-11ea-aba1-00000000092a.png,16791.63,SS&C Technologies Holdings Inc,18602984500.0,257.579753,SSNC,http://www.ssctech.com
193,3279,3279,US,USD,NASDAQ NMS - GLOBAL MARKET,Technology,2004-03-05,,12.64857,SilverSun Technologies Inc,19732510056.0,4.501271,SSNT,https://www.silversuntech.com/
194,3286,3286,US,,NASDAQ NMS - GLOBAL MARKET,Technology,2017-06-07,https://static.finnhub.io/logo/ad002dfe-80db-11ea-99e4-00000000092a.png,0.0,Shotspotter Inc,15107943100.0,0.0,SSTI,http://www.shotspotter.com/
195,3287,3287,US,USD,NASDAQ NMS - GLOBAL MARKET,Technology,2012-12-03,https://static.finnhub.io/logo/fceb0938-826a-11ea-848c-00000000092a.png,818.9680000000001,Stratasys Ltd,19529373000.0,55.112248,SSYS,http://www.stratasys.com
196,3292,3292,US,USD,NASDAQ NMS - GLOBAL MARKET,Technology,1994-01-25,https://static.finnhub.io/logo/ec104754-80df-11ea-81a7-00000000092a.png,37.71577,Steel Connect Inc,17816635000.0,62.755024,STCN,http://www.moduslink.com
197,3301,3301,BR,BRL,NASDAQ NMS - GLOBAL MARKET,Technology,2018-10-25,,18123.28,StoneCo Ltd,551130049680.0,277.242789,STNE,https://www.stone.co/
198,3314,3314,IE,USD,NASDAQ NMS - GLOBAL MARKET,Technology,2002-12-11,https://static.finnhub.io/logo/b6a45070-80e0-11ea-96fc-00000000092a.png,13016.69,Seagate Technology PLC,35312343136.0,256.536957,STX,https://www.seagate.com/
199,3316,3316,US,,NASDAQ NMS - GLOBAL MARKET,Technology,2020-09-16,,0.0,Sumo Logic Inc,13025310855.0,0.0,SUMO,https://www.sumologic.com/
200,3331,3331,US,USD,NASDAQ NMS - GLOBAL MARKET,Technology,2018-09-26,https://static.finnhub.io/logo/c91ea934-80da-11ea-821e-00000000092a.png,3311.962,SVMK Inc,16505438400.0,140.277954,SVMK,http://www.surveymonkey.com/
201,3345,3345,US,USD,NASDAQ NMS - GLOBAL MARKET,Technology,1996-04-30,,1453.599,Sykes Enterprises Inc,18132741000.0,40.055088,SYKE,https://www.sykes.com/
202,3347,3347,US,USD,NASDAQ NMS - GLOBAL MARKET,Technology,2012-02-10,,54.453959999999995,Synacor Inc,17168531362.0,39.459391,SYNC,https://synacor.com/
203,3356,3356,US,USD,NASDAQ NMS - GLOBAL MARKET,Technology,1996-08-22,https://static.finnhub.io/logo/cc853b0c-80e0-11ea-92a0-00000000092a.png,63.830619999999996,TransAct Technologies Inc,12038596800.0,8.92736,TACT,https://www.transact-tech.com/
204,3362,3362,CN,USD,NASDAQ NMS - GLOBAL MARKET,Technology,2006-09-08,https://static.finnhub.io/logo/c60208e2-829a-11ea-bc00-00000000092a.png,24.14282,Taoping Inc,8675588319888.0,7.544630000000001,TAOP,http://www.taop.com/
205,3391,3391,CA,USD,NASDAQ NMS - GLOBAL MARKET,Technology,1996-04-30,https://static.finnhub.io/logo/7be20d88-80df-11ea-a773-00000000092a.png,812.8605,Tucows Inc,14168187060.0,10.56761,TCX,http://www.tucows.com/
206,3396,3396,GB,USD,NASDAQ NMS - GLOBAL MARKET,Technology,2015-12-09,,51956.12,Atlassian Corporation PLC,444157011110.0,247.44727999999998,TEAM,
207,3403,3403,US,USD,NASDAQ NMS - GLOBAL MARKET,Technology,2018-07-26,https://static.finnhub.io/logo/eae95610-80da-11ea-b832-00000000092a.png,3756.884,Tenable Holdings Inc,14108720555.0,101.263716,TENB,https://www.tenable.com/
208,3438,3438,FR,USD,NASDAQ NMS - GLOBAL MARKET,Technology,2016-07-29,https://static.finnhub.io/logo/00dbedae-80dc-11ea-930c-00000000092a.png,1255.119,Talend SA,33146250600.0,31.536528999999998,TLND,https://fr.talend.com/
209,3450,3450,US,USD,NASDAQ NMS - GLOBAL MARKET,Technology,2010-05-13,,192.0861,Telenav Inc,14082453800.0,47.079923,TNAV,https://www.telenav.com/home
210,3495,3495,US,USD,NASDAQ NMS - GLOBAL MARKET,Technology,1976-01-16,https://static.finnhub.io/logo/c6dd249c-80e0-11ea-88f1-00000000092a.png,11.34072,TSR Inc,15162310333.0,1.962062,TSRI,http://www.tsrconsulting.com/
211,3498,3498,US,USD,NASDAQ NMS - GLOBAL MARKET,Technology,2016-09-21,https://static.finnhub.io/logo/fa8e3ce2-80db-11ea-a2c4-00000000092a.png,28979.21,Trade Desk Inc,18055853434.0,46.747448999999996,TTD,https://thetradedesk.com/
212,3499,3499,US,USD,NASDAQ NMS - GLOBAL MARKET,Technology,1996-08-01,,2768.965,TTEC Holdings Inc,13033978100.0,46.733591,TTEC,https://www.ttec.com/
213,3519,3519,US,USD,NASDAQ NMS - GLOBAL MARKET,Technology,2014-03-28,https://static.finnhub.io/logo/82a87e78-80cf-11ea-a9f7-00000000092a.png,2678.684,2U Inc,13018924350.0,71.203712,TWOU,https://2u.com/
214,3543,3543,ZA,USD,NASDAQ NMS - GLOBAL MARKET,Technology,2005-08-03,https://static.finnhub.io/logo/032f2fd2-826b-11ea-9340-00000000092a.png,175.3398,Net 1 UEPS Technologies Inc,27113432000.0,57.113925,UEPS,http://www.net1.com/
215,3564,3564,US,USD,NASDAQ NMS - GLOBAL MARKET,Technology,2014-11-06,,1297.504,Upland Software Inc,15129601010.0,29.395191999999998,UPLD,https://uplandsoftware.com/
216,3571,3571,US,USD,OTC MARKETS,Technology,1995-03-03,https://static.finnhub.io/logo/67ec25a2-80fa-11ea-a6e2-00000000092a.png,560.9451,USA Technologies Inc,16109890340.0,65.226175,USAT,https://www.usatech.com/
217,3576,3576,US,USD,NASDAQ NMS - GLOBAL MARKET,Technology,1999-12-09,https://static.finnhub.io/logo/90f27168-80d2-11ea-a811-00000000092a.png,39.46478,Usio Inc,12102494100.0,24.665485999999998,USIO,http://www.paymentdata.com/
218,3608,3608,US,USD,NASDAQ NMS - GLOBAL MARKET,Technology,2014-02-13,https://static.finnhub.io/logo/70f7dd46-80da-11ea-9dad-00000000092a.png,50.26545,Verb Technology Company Inc,18552502300.0,44.092496000000004,VERB,https://nfusz.com/
219,3610,3610,US,USD,NASDAQ NMS - GLOBAL MARKET,Technology,2017-05-12,https://static.finnhub.io/logo/b91e319e-80db-11ea-b4f6-00000000092a.png,268.0229,Veritone Inc,18885071737.0,27.602769,VERI,https://www.veritone.com/
220,3613,3613,US,,NASDAQ NMS - GLOBAL MARKET,Technology,2020-07-29,,0.0,Vertex Inc,18442047325.0,0.0,VERX,https://www.vertexinc.com/
221,3654,3654,CN,CNY,NASDAQ NMS - GLOBAL MARKET,Technology,2011-04-21,,3112.042,21Vianet Group Inc,861084562121.0,946.3028529999999,VNET,http://ir.21vianet.com/
222,3672,3672,US,USD,NASDAQ NMS - GLOBAL MARKET,Technology,2014-02-28,,3920.585,Varonis Systems Inc,18772928789.0,31.548926,VRNS,https://www.varonis.com/
223,3673,3673,US,USD,NASDAQ NMS - GLOBAL MARKET,Technology,2002-05-16,https://static.finnhub.io/logo/50f75666-80c9-11ea-9edb-00000000092a.png,3421.737,Verint Systems Inc,18004837468.0,65.400173,VRNT,https://www.verint.com/
224,3674,3674,US,USD,NASDAQ NMS - GLOBAL MARKET,Technology,2017-01-13,,1746.755,Verra Mobility Corp,14804437000.0,161.736615,VRRM,
225,3676,3676,US,USD,NASDAQ NMS - GLOBAL MARKET,Technology,1998-01-29,,23873.49,Verisign Inc,17039483200.0,114.853683,VRSN,https://www.verisign.com/
226,3678,3678,US,USD,NASDAQ NMS - GLOBAL MARKET,Technology,2007-08-03,https://static.finnhub.io/logo/fe3c0668-80e0-11ea-b115-00000000092a.png,1529.115,Virtusa Corp,15083897300.0,30.309509000000002,VRTU,https://www.virtusa.com/
227,3719,3719,US,USD,NASDAQ NMS - GLOBAL MARKET,Technology,2012-12-10,https://static.finnhub.io/logo/333afd10-80cd-11ea-803e-00000000092a.png,53121.18,Workday Inc,19259519000.0,237.0,WDAY,https://www.workday.com/
228,3720,3720,US,USD,NASDAQ NMS - GLOBAL MARKET,Technology,1991-01-31,,13062.94,Western Digital Corp,19496727000.0,304.21372599999995,WDC,https://www.westerndigital.com/
229,3741,3741,IL,USD,NASDAQ NMS - GLOBAL MARKET,Technology,2013-11-06,https://static.finnhub.io/logo/b41f48c8-80ce-11ea-9065-00000000092a.png,15126.92,Wix.Com Ltd,97235454900.0,55.640262,WIX,https://www.wix.com
230,3783,3783,US,USD,NASDAQ NMS - GLOBAL MARKET,Technology,2015-01-16,https://static.finnhub.io/logo/945c9a4c-80d1-11ea-bedc-00000000092a.png,64.56575,Exela Technologies Inc,18449352832.0,147.51143000000002,XELA,https://www.exelatech.com/
231,3793,3793,CN,USD,NASDAQ NMS - GLOBAL MARKET,Technology,2014-06-24,https://static.finnhub.io/logo/f540c4d2-80cf-11ea-9d31-00000000092a.png,192.3387,Xunlei Ltd,8675526035888.0,339.82094,XNET,http://www.xunlei.com/
232,3798,3798,US,USD,NASDAQ NMS - GLOBAL MARKET,Technology,2020-05-29,,1383.011,Xperi Holding Corp,14083216000.0,108.47143500000001,XPER,
233,3840,3840,US,USD,NASDAQ NMS - GLOBAL MARKET,Technology,1989-11-09,,370.7131,Zix Corp,12143702000.0,57.032787,ZIXI,https://www.zix.com/
234,3844,3844,US,USD,NASDAQ NMS - GLOBAL MARKET,Technology,2019-04-18,https://static.finnhub.io/logo/6eed7476-80da-11ea-91d2-00000000092a.png,145487.0,Zoom Video Communications Inc,18887999666.0,284.42098,ZM,https://www.zoom.us
235,3848,3848,US,USD,NASDAQ NMS - GLOBAL MARKET,Technology,2018-03-16,https://static.finnhub.io/logo/2786d952-80db-11ea-ab82-00000000092a.png,19543.88,Zscaler Inc,14085330288.0,132.906329,ZS,https://www.zscaler.com/
